{
  "aggregate": {
    "ade_2s": 0.6003804953991977,
    "ade_4s": 1.4649261880437128,
    "ade_6s": 2.6112490116443867,
    "fde": 6.0447483397249515,
    "miss_rate": 0.7933333333333333,
    "speed_error": 0.5242795269232999,
    "ahe": 0.2678614353278569,
    "fhe": 0.27748924232903716,
    "offroad": 0.0012121212121212121,
    "offroad_rate": 0.013333333333333334,
    "offyaw": 0.16812081734789336
  },
  "n_scenes": 150
}