{
  "aggregate": {
    "ade_2s": 0.6012161997400833,
    "ade_4s": 1.4410099929502693,
    "ade_6s": 2.5412701848098536,
    "fde": 5.816881967847464,
    "miss_rate": 0.74,
    "speed_error": 0.50972183335519,
    "ahe": 0.2645465108255536,
    "fhe": 0.2562536558507519,
    "offroad": 0.0012121212121212121,
    "offroad_rate": 0.013333333333333334,
    "offyaw": 0.12444386702553586
  },
  "n_scenes": 150
}