{
  "aggregate": {
    "ade_2s": 0.6003805113579388,
    "ade_4s": 1.46492614820701,
    "ade_6s": 2.611249042035755,
    "fde": 6.044748400766926,
    "miss_rate": 0.7933333333333333,
    "speed_error": 0.5242794622415644,
    "ahe": 0.2678614342886606,
    "fhe": 0.27748921209686617,
    "offroad": 0.0012121212121212121,
    "offroad_rate": 0.013333333333333334,
    "offyaw": 0.16812082056638497
  },
  "n_scenes": 150
}