{
  "seed": 1,
  "ade_2s": 0.6155614531084833,
  "ade_4s": 1.515785162352283,
  "ade_6s": 2.715241612019998,
  "fde": 6.304300835383187,
  "miss_rate": 0.78,
  "offroad": 0.0012121212121212121,
  "offroad_rate": 0.013333333333333334
}