{
  "aggregate": {
    "ade_2s": 0.6003804417098587,
    "ade_4s": 1.4649260993166164,
    "ade_6s": 2.6112490009255382,
    "fde": 6.044748705579781,
    "miss_rate": 0.7933333333333333,
    "speed_error": 0.5242794384378546,
    "ahe": 0.2678614056828701,
    "fhe": 0.2774892601016354,
    "offroad": 0.0012121212121212121,
    "offroad_rate": 0.013333333333333334,
    "offyaw": 0.16812079592436438
  },
  "n_scenes": 150
}