{
  "aggregate": {
    "ade_2s": 0.6155614531084833,
    "ade_4s": 1.515785162352283,
    "ade_6s": 2.715241612019998,
    "fde": 6.304300835383187,
    "miss_rate": 0.78,
    "speed_error": 0.5411059537467324,
    "ahe": 0.2658556640788966,
    "fhe": 0.25817993968404884,
    "offroad": 0.0012121212121212121,
    "offroad_rate": 0.013333333333333334,
    "offyaw": 0.13938922781331875
  },
  "n_scenes": 150
}