{
  "seed": 391,
  "ade_2s": 0.6012162156947775,
  "ade_4s": 1.4410100410956368,
  "ade_6s": 2.54127008299738,
  "fde": 5.816880829845747,
  "miss_rate": 0.74
}